Demographics_and_General_Eligibility,WARN_IF,Performance_Status_and_Prognosis,WARN_IF,Vital_Signs_and_Body_Function_Metrics,WARN_IF,Hematologic_Parameters,WARN_IF,Liver_Function,WARN_IF,Renal_Function,WARN_IF,Endocrine_and_Metabolic_Function,WARN_IF,Cardiac_Function_and_ECG_Criteria,WARN_IF,Medical_History_and_Comorbidities,WARN_IF,Infectious_Disease_History_and_Status,WARN_IF,Prior_Cancer_Treatments_and_Modalities_and_Washout_Periods,WARN_IF,Surgical_History_and_Plans,WARN_IF,Current_Medication_Use,WARN_IF,Drug_Intolerances_and_Toxicity_History_and_Electrolytes_and_Minerals,WARN_IF,Cancer_Type_and_Tumor_Site_Localization,WARN_IF,Molecular_and_Genomic_Biomarkers,WARN_IF
IS_AT_LEAST_X_YEARS_OLD,FALSE,HAS_WHO_STATUS_OF_AT_MOST_X,FALSE,HAS_SBP_MMHG_OF_AT_LEAST_X,FALSE,HAS_LEUKOCYTES_ABS_OF_AT_LEAST_X,FALSE,HAS_ALBUMIN_G_PER_DL_OF_AT_LEAST_X,FALSE,HAS_CREATININE_MG_PER_DL_OF_AT_MOST_X,FALSE,HAS_GLUCOSE_FASTING_PLASMA_MMOL_PER_L_OF_AT_MOST_X,FALSE,HAS_POTENTIAL_SIGNIFICANT_HEART_DISEASE,TRUE,HAS_COMORBIDITY_WITH_ANY_ICD_TITLE_X,TRUE,HAS_ACTIVE_INFECTION,TRUE,CURRENTLY_GETS_CHEMORADIOTHERAPY_OF_TYPE_X_CHEMOTHERAPY_AND_AT_LEAST_Y_CYCLES,FALSE,HAS_HAD_RECENT_SURGERY,TRUE,CURRENTLY_GETS_NAME_X_MEDICATION,TRUE,HAS_INTOLERANCE_TO_NAME_X,TRUE,HAS_SOLID_PRIMARY_TUMOR,FALSE,HAS_MOLECULAR_DRIVER_EVENT_WITH_APPROVED_THERAPY_AVAILABLE,FALSE
IS_MALE,FALSE,HAS_WHO_STATUS_OF_AT_EXACTLY_X,FALSE,HAS_SBP_MMHG_OF_AT_MOST_X,FALSE,HAS_LEUKOCYTES_ABS_LLN_OF_AT_LEAST_X,FALSE,HAS_ALBUMIN_LLN_OF_AT_LEAST_X,FALSE,HAS_CREATININE_ULN_OF_AT_MOST_X,FALSE,HAS_SERUM_TESTOSTERONE_NG_PER_DL_OF_AT_MOST_X,FALSE,HAS_ECG_ABERRATION,TRUE,HAS_HISTORY_OF_SPECIFIC_CONDITION_WITH_ICD_TITLE_X_WITHIN_Y_MONTHS,TRUE,HAS_KNOWN_EBV_INFECTION,TRUE,IS_NOT_ELIGIBLE_FOR_TREATMENT_WITH_CURATIVE_INTENT,FALSE,HAS_HAD_SURGERY_WITHIN_LAST_X_WEEKS,TRUE,CURRENTLY_GETS_CATEGORY_X_MEDICATION,TRUE,HAS_INTOLERANCE_WITH_ICD_TITLE_X,TRUE,HAS_SOLID_PRIMARY_TUMOR_INCLUDING_LYMPHOMA,FALSE,HAS_MOLECULAR_DRIVER_EVENT_IN_ANY_GENES_X_WITH_APPROVED_THERAPY_AVAILABLE,FALSE
IS_FEMALE,FALSE,HAS_KARNOFSKY_SCORE_OF_AT_LEAST_X,FALSE,HAS_DBP_MMHG_OF_AT_LEAST_X,FALSE,HAS_LYMPHOCYTES_ABS_OF_AT_LEAST_X,FALSE,HAS_ASAT_ULN_OF_AT_MOST_X,FALSE,HAS_EGFR_CKD_EPI_OF_AT_LEAST_X,FALSE,HAS_CORTISOL_LLN_OF_AT_LEAST_X,FALSE,HAS_LVEF_OF_AT_LEAST_X,FALSE,HAS_HISTORY_OF_AUTOIMMUNE_DISEASE,TRUE,HAS_KNOWN_HEPATITIS_A_INFECTION,TRUE,IS_ELIGIBLE_FOR_ON_LABEL_TREATMENT_X,FALSE,HAS_HAD_SURGERY_WITHIN_LAST_X_MONTHS,TRUE,HAS_RECEIVED_CATEGORY_X_MEDICATION_WITHIN_Y_WEEKS,TRUE,HAS_INTOLERANCE_TO_PLATINUM_COMPOUNDS,TRUE,HAS_PRIMARY_TUMOR_LOCATION_BELONGING_TO_ANY_DOID_TERM_X,FALSE,HAS_MOLECULAR_DRIVER_EVENT_IN_NSCLC,FALSE
CAN_GIVE_ADEQUATE_INFORMED_CONSENT,FALSE,HAS_LANSKY_SCORE_OF_AT_LEAST_X,FALSE,HAS_DBP_MMHG_OF_AT_MOST_X,FALSE,HAS_LYMPHOCYTES_CELLS_PER_MM3_OF_AT_LEAST_X,FALSE,HAS_ALAT_ULN_OF_AT_MOST_X,FALSE,HAS_EGFR_MDRD_OF_AT_LEAST_X,FALSE,HAS_FREE_THYROXINE_WITHIN_INSTITUTIONAL_NORMAL_LIMITS,FALSE,HAS_QTC_OF_AT_MOST_X,FALSE,HAS_HISTORY_OF_CARDIAC_DISEASE,TRUE,HAS_KNOWN_HEPATITIS_B_INFECTION,TRUE,IS_ELIGIBLE_FOR_RADIOTHERAPY,FALSE,HAS_PLANNED_SURGERY,TRUE,CURRENTLY_GETS_POTENTIALLY_QT_PROLONGATING_MEDICATION,TRUE,HAS_INTOLERANCE_TO_TAXANE,TRUE,HAS_PRIMARY_TUMOR_LOCATION_BELONGING_TO_ANY_DOID_TERM_X_DISTAL_SUB_LOCATION,FALSE,HAS_MOLECULAR_DRIVER_EVENT_IN_NSCLC_IN_ANY_GENES_X,FALSE
WILL_PARTICIPATE_IN_TRIAL_IN_COUNTRY_X,FALSE,HAS_LIFE_EXPECTANCY_OF_AT_LEAST_X_WEEKS,FALSE,HAS_PULSE_OXIMETRY_OF_AT_LEAST_X,FALSE,HAS_NEUTROPHILS_ABS_OF_AT_LEAST_X,FALSE,HAS_ASAT_AND_ALAT_ULN_OF_AT_MOST_X_OR_AT_MOST_Y_WHEN_LIVER_METASTASES_PRESENT,FALSE,HAS_CREATININE_CLEARANCE_CG_OF_AT_LEAST_X,FALSE,HAS_FREE_TRIIODOTHYRONINE_WITHIN_INSTITUTIONAL_NORMAL_LIMITS,FALSE,HAS_QTCF_OF_AT_MOST_X,FALSE,HAS_HISTORY_OF_CARDIOVASCULAR_DISEASE,TRUE,HAS_KNOWN_HEPATITIS_C_INFECTION,TRUE,IS_ELIGIBLE_FOR_RADIOTHERAPY_TO_BODY_LOCATION_X,FALSE,HAS_HAD_CYTOREDUCTIVE_SURGERY,FALSE,CURRENTLY_GETS_MEDICATION_INHIBITING_CYP_X,TRUE,HAS_INTOLERANCE_RELATED_TO_STUDY_MEDICATION,TRUE,HAS_CANCER_OF_UNKNOWN_PRIMARY_AND_TYPE_X,FALSE,HAS_MOLECULAR_DRIVER_EVENT_IN_NSCLC_IN_AT_LEAST_GENES_X,FALSE
IS_LEGALLY_INSTITUTIONALIZED,FALSE,HAS_LIFE_EXPECTANCY_OF_AT_LEAST_X_MONTHS,FALSE,HAS_RESTING_HEART_RATE_BETWEEN_X_AND_Y,FALSE,HAS_THROMBOCYTES_ABS_OF_AT_LEAST_X,FALSE,HAS_ALP_ULN_OF_AT_MOST_X,FALSE,HAS_CREATININE_CLEARANCE_BETWEEN_X_AND_Y,FALSE,HAS_BOUND_TRIIODOTHYRONINE_WITHIN_INSTITUTIONAL_NORMAL_LIMITS,FALSE,HAS_QTCF_OF_AT_LEAST_X_FOR_FEMALE_OR_Y_FOR_MALE,FALSE,HAS_HISTORY_OF_CONGESTIVE_HEART_FAILURE_WITH_AT_LEAST_NYHA_CLASS_X,TRUE,HAS_KNOWN_HIV_INFECTION,TRUE,IS_ELIGIBLE_FOR_PALLIATIVE_RADIOTHERAPY,FALSE,HAS_HAD_ONCOLOGICAL_SURGERY_TO_ANY_BODY_LOCATION_X,FALSE,CURRENTLY_GETS_MEDICATION_INDUCING_CYP_X,TRUE,HAS_INTOLERANCE_FOR_PD_1_OR_PD_L1_INHIBITORS,TRUE,HAS_CANCER_WITH_NEUROENDOCRINE_COMPONENT,FALSE,HAS_MOLECULAR_DRIVER_EVENT_IN_NSCLC_EXCLUDING_GENES_X,FALSE
IS_INVOLVED_IN_STUDY_PROCEDURES,FALSE,MEETS_REQUIREMENTS_DURING_SIX_MINUTE_WALKING_TEST,FALSE,HAS_BODY_WEIGHT_OF_AT_LEAST_X,FALSE,HAS_HEMOGLOBIN_G_PER_DL_OF_AT_LEAST_X,FALSE,HAS_ALP_ULN_OF_AT_LEAST_X,FALSE,HAS_MEASURED_CREATININE_CLEARANCE_OF_AT_LEAST_X,FALSE,HAS_TSH_WITHIN_INSTITUTIONAL_NORMAL_LIMITS,FALSE,HAS_QTCF_OF_AT_MOST_X_FOR_FEMALE_OR_Y_FOR_MALE,FALSE,HAS_HISTORY_OF_CENTRAL_NERVOUS_SYSTEM_DISEASE,TRUE,HAS_KNOWN_HSV_INFECTION,TRUE,IS_ELIGIBLE_FOR_LOCO_REGIONAL_THERAPY,FALSE,HAS_HAD_DEFINITIVE_LOCOREGIONAL_THERAPY_WITH_CURATIVE_INTENT,FALSE,HAS_RECEIVED_MEDICATION_INDUCING_CYP_X_WITHIN_Y_WEEKS,TRUE,HAS_HISTORY_OF_ANAPHYLAXIS,TRUE,HAS_CANCER_WITH_SMALL_CELL_COMPONENT,FALSE,HAS_MOLECULAR_DRIVER_EVENT_IN_NSCLC_WITH_AVAILABLE_SOC_ANY_LINE,FALSE
USES_TOBACCO_PRODUCTS,FALSE,,,HAS_BODY_WEIGHT_OF_AT_MOST_X,FALSE,HAS_HEMOGLOBIN_MMOL_PER_L_OF_AT_LEAST_X,FALSE,HAS_GGT_ULN_OF_AT_MOST_X,FALSE,IS_IN_DIALYSIS,FALSE,HAS_AMYLASE_ULN_OF_AT_MOST_X,FALSE,HAS_QTCF_OF_AT_LEAST_X,FALSE,HAS_HISTORY_OF_EYE_DISEASE,TRUE,HAS_KNOWN_CYTOMEGALOVIRUS_INFECTION,TRUE,IS_ELIGIBLE_FOR_TREATMENT_LINES_X,FALSE,HAS_HAD_COMPLETE_RESECTION,FALSE,CURRENTLY_GETS_MEDICATION_INHIBITING_OR_INDUCING_CYP_X,TRUE,HAS_EXPERIENCED_IMMUNOTHERAPY_RELATED_ADVERSE_EVENTS,TRUE,HAS_CANCER_WITH_LARGE_CELL_COMPONENT,FALSE,HAS_MOLECULAR_DRIVER_EVENT_IN_NSCLC_WITH_AVAILABLE_SOC_ANY_LINE_EXCLUDING_GENES_X,FALSE
ADHERES_TO_BLOOD_DONATION_PRESCRIPTIONS,FALSE,,,HAS_BMI_OF_AT_MOST_X,FALSE,REQUIRES_REGULAR_HEMATOPOIETIC_SUPPORT,TRUE,HAS_GGT_ULN_OF_AT_LEAST_X,FALSE,HAS_TOTAL_PROTEIN_G_PER_L_IN_URINE_OF_AT_LEAST_X,FALSE,HAS_LIPASE_ULN_OF_AT_MOST_X,FALSE,HAS_JTC_OF_AT_LEAST_X,FALSE,HAS_HISTORY_OF_GASTROINTESTINAL_DISEASE,TRUE,HAS_KNOWN_TUBERCULOSIS_INFECTION,TRUE,IS_ELIGIBLE_FOR_LOCAL_LIVER_TREATMENT,FALSE,HAS_HAD_PARTIAL_RESECTION,FALSE,CURRENTLY_GETS_MEDICATION_SUBSTRATE_OF_CYP_X,TRUE,HAS_TOXICITY_CTCAE_OF_AT_LEAST_GRADE_X,FALSE,HAS_LOW_GRADE_CANCER,FALSE,HAS_MOLECULAR_DRIVER_EVENT_IN_NSCLC_WITH_AVAILABLE_SOC_FIRST_LINE,FALSE
IS_BREASTFEEDING,FALSE,,,HAS_ADEQUATE_ORGAN_FUNCTION,FALSE,HAS_HAD_ERYTHROCYTE_TRANSFUSION_WITHIN_LAST_X_WEEKS,TRUE,HAS_TOTAL_BILIRUBIN_ULN_OF_AT_MOST_X,FALSE,HAS_TOTAL_PROTEIN_G_IN_24H_URINE_OF_AT_LEAST_X,FALSE,HAS_TRIGLYCERIDE_MMOL_PER_L_OF_AT_MOST_X,FALSE,HAS_LONG_QT_SYNDROME,TRUE,HAS_HISTORY_OF_GASTROINTESTINAL_FISTULA,TRUE,MEETS_COVID_19_INFECTION_REQUIREMENTS,FALSE,IS_ELIGIBLE_FOR_INTENSIVE_TREATMENT,FALSE,HAS_HAD_RESECTION_WITHIN_X_WEEKS,FALSE,CURRENTLY_GETS_MEDICATION_WITH_CYP_INTERACTION_OF_ANY_TYPE_X,TRUE,HAS_TOXICITY_CTCAE_OF_AT_LEAST_GRADE_X_WITH_ANY_ICD_TITLE_Y,FALSE,HAS_HIGH_GRADE_CANCER,FALSE,HAS_MOLECULAR_DRIVER_EVENT_IN_NSCLC_WITH_AVAILABLE_SOC_FIRST_LINE_EXCLUDING_GENES_X,FALSE
IS_PREGNANT,FALSE,,,,,HAS_HAD_THROMBOCYTE_TRANSFUSION_WITHIN_LAST_X_WEEKS,TRUE,HAS_TOTAL_BILIRUBIN_ULN_OF_AT_MOST_X_OR_Y_IF_GILBERT_DISEASE,FALSE,,,,,HAS_TORSADES_DE_POINTES,TRUE,HAS_HISTORY_OF_IMMUNODEFICIENCY,TRUE,HAS_RECEIVED_LIVE_VACCINE_WITHIN_X_MONTHS,TRUE,IS_ELIGIBLE_FOR_FIRST_LINE_PALLIATIVE_CHEMOTHERAPY,FALSE,MEETS_SPECIFIC_CRITERIA_FOR_RESECTION,FALSE,CURRENTLY_GETS_MEDICATION_INHIBITING_TRANSPORTER_X,TRUE,HAS_TOXICITY_ASTCT_OF_AT_LEAST_GRADE_X_WITH_ANY_ICD_TITLE_Y,FALSE,HAS_KNOWN_SCLC_TRANSFORMATION,FALSE,ACTIVATION_OR_AMPLIFICATION_OF_GENE_X,FALSE
USES_ADEQUATE_ANTICONCEPTION,FALSE,,,,,HAS_POTENTIAL_LEUKOCYTOSIS,FALSE,HAS_TOTAL_BILIRUBIN_ULN_OF_AT_MOST_X_OR_DIRECT_BILIRUBIN_ULN_OF_AT_MOST_Y_IF_GILBERT_DISEASE,FALSE,,,,,HAS_NORMAL_CARDIAC_FUNCTION_BY_MUGA_OR_TTE,FALSE,HAS_HISTORY_OF_INTERSTITIAL_LUNG_DISEASE_INCLUDING_PNEUMONITIS,TRUE,HAS_RECEIVED_NON_LIVE_VACCINE_WITHIN_X_WEEKS,TRUE,IS_ELIGIBLE_FOR_LOCAL_TREATMENT_OF_METASTASES,FALSE,HAS_HAD_LIVER_RESECTION,FALSE,CURRENTLY_GETS_MEDICATION_SUBSTRATE_OF_TRANSPORTER_X,TRUE,HAS_TOXICITY_CTCAE_OF_AT_LEAST_GRADE_X_IGNORING_ICD_TITLES_Y,FALSE,HAS_NON_SQUAMOUS_NSCLC,FALSE,ACTIVATING_MUTATION_IN_ANY_GENES_X,FALSE
ADHERES_TO_SPERM_OR_EGG_DONATION_PRESCRIPTIONS,FALSE,,,,,HAS_INR_ULN_OF_AT_MOST_X,FALSE,HAS_TOTAL_BILIRUBIN_UMOL_PER_L_OF_AT_MOST_X,FALSE,,,,,HAS_FAMILY_HISTORY_OF_IDIOPATHIC_SUDDEN_DEATH,TRUE,HAS_POTENTIAL_RESPIRATORY_COMPROMISE,TRUE,ADHERENCE_TO_PROTOCOL_REGARDING_ATTENUATED_VACCINE_USE,FALSE,IS_ELIGIBLE_FOR_SURGERY_TYPE_X,FALSE,HAS_PATHOLOGICAL_COMPLETE_RESPONSE_AFTER_SURGERY,FALSE,CURRENTLY_GETS_MEDICATION_SUBSTRATE_OR_INHIBITING_ANY_NON_EVALUABLE_TRANSPORTER_X,TRUE,HAD_TOXICITY_X_OF_AT_LEAST_GRADE_Y_DURING_PREVIOUS_TREATMENT,FALSE,HAS_TRIPLE_NEGATIVE_BREAST_CANCER,FALSE,ACTIVATING_MUTATION_IN_GENE_X_EXCLUDING_CODONS_Y,FALSE
,,,,,,HAS_PT_ULN_OF_AT_MOST_X,FALSE,HAS_TOTAL_BILIRUBIN_MG_PER_DL_OF_AT_MOST_X,FALSE,,,,,HAS_FAMILY_HISTORY_OF_LONG_QT_SYNDROME,TRUE,HAS_HISTORY_OF_LIVER_DISEASE,TRUE,,,IS_ELIGIBLE_FOR_TREATMENT_OF_CATEGORY_X_AND_ANY_TYPE_Y,FALSE,,,HAS_STABLE_ANTICOAGULANT_MEDICATION_DOSING,TRUE,HAS_ABNORMAL_ELECTROLYTE_LEVELS,FALSE,HAS_BREAST_CANCER_RECEPTOR_X_POSITIVE,FALSE,ACTIVATING_MUTATION_IN_KINASE_DOMAIN_IN_ANY_GENES_X,FALSE
,,,,,,HAS_PT_WITHIN_INSTITUTIONAL_NORMAL_LIMITS,FALSE,HAS_DIRECT_BILIRUBIN_ULN_OF_AT_MOST_X,FALSE,,,,,MEETS_REQUIREMENTS_DURING_CARDIAC_STRESS_TEST,FALSE,HAS_HISTORY_OF_LUNG_DISEASE,TRUE,,,HAS_EXHAUSTED_SOC_TREATMENTS,FALSE,,,CURRENTLY_GETS_HERBAL_MEDICATION,TRUE,HAS_CALCIUM_MG_PER_DL_OF_AT_MOST_X,FALSE,HAS_OVARIAN_CANCER_WITH_MUCINOUS_COMPONENT,FALSE,AMPLIFICATION_OF_GENE_X,FALSE
,,,,,,HAS_APTT_ULN_OF_AT_MOST_X,FALSE,HAS_DIRECT_BILIRUBIN_PERCENTAGE_OF_TOTAL_OF_AT_MOST_X,FALSE,,,,,HAS_BNP_ULN_OF_AT_MOST_X,FALSE,HAS_HISTORY_OF_MYOCARDIAL_INFARCT,TRUE,,,HAS_HAD_AT_LEAST_X_APPROVED_TREATMENT_LINES,FALSE,,,,,HAS_CALCIUM_WITHIN_INSTITUTIONAL_NORMAL_LIMITS,FALSE,HAS_OVARIAN_BORDERLINE_TUMOR,FALSE,AMPLIFICATION_OF_GENE_X_OF_AT_LEAST_Y_COPIES,FALSE
,,,,,,HAS_APTT_WITHIN_INSTITUTIONAL_NORMAL_LIMITS,FALSE,HAS_INDIRECT_BILIRUBIN_ULN_OF_AT_MOST_X,FALSE,,,,,HAS_TROPONIN_I_OR_T_ULN_OF_AT_MOST_X,FALSE,HAS_HISTORY_OF_MYOCARDIAL_INFARCT_WITHIN_X_MONTHS,FALSE,,,HAS_HAD_AT_LEAST_X_SYSTEMIC_TREATMENT_LINES,FALSE,,,,,HAS_CORRECTED_CALCIUM_ULN_OF_AT_MOST_X,FALSE,HAS_STOMACH_UNDIFFERENTIATED_TUMOR,FALSE,COPY_NUMBER_OF_GENE_X_OF_AT_LEAST_Y,FALSE
,,,,,,HAS_PTT_ULN_OF_AT_MOST_X,FALSE,HAS_CHILD_PUGH_SCORE_X,FALSE,,,,,,,HAS_HISTORY_OF_PNEUMONITIS,TRUE,,,HAS_HAD_AT_MOST_X_SYSTEMIC_TREATMENT_LINES,FALSE,,,,,HAS_CORRECTED_CALCIUM_WITHIN_INSTITUTIONAL_NORMAL_LIMITS,FALSE,HAS_SECONDARY_GLIOBLASTOMA,FALSE,MUTATION_IN_GENE_X_OF_ANY_PROTEIN_IMPACTS_Y,FALSE
,,,,,,,,HAS_ALBI_GRADE_X,FALSE,,,,,,,HAS_HISTORY_OF_STROKE,TRUE,,,HAS_HAD_ANY_CANCER_TREATMENT,FALSE,,,,,HAS_IONIZED_CALCIUM_MMOL_PER_L_OF_AT_MOST_X,FALSE,HAS_CYTOLOGICAL_DOCUMENTATION_OF_TUMOR_TYPE,FALSE,MUTATION_IN_GENE_X_IN_ANY_CODONS_Y,FALSE
,,,,,,,,,,,,,,,,HAS_HISTORY_OF_STROKE_WITHIN_X_MONTHS,FALSE,,,HAS_HAD_ANY_CANCER_TREATMENT_WITHIN_X_MONTHS,FALSE,,,,,HAS_MAGNESIUM_WITHIN_INSTITUTIONAL_NORMAL_LIMITS,FALSE,HAS_HISTOLOGICAL_DOCUMENTATION_OF_TUMOR_TYPE,FALSE,MUTATION_IN_GENE_X_IN_EXON_Y,FALSE
,,,,,,,,,,,,,,,,HAS_HISTORY_OF_THROMBOEMBOLIC_EVENT,TRUE,,,HAS_HAD_ANY_SYSTEMIC_CANCER_TREATMENT_WITHIN_X_MONTHS,FALSE,,,,,HAS_CORRECTED_MAGNESIUM_WITHIN_INSTITUTIONAL_NORMAL_LIMITS,FALSE,HAS_PATHOLOGICAL_DOCUMENTATION_OF_TUMOR_TYPE,FALSE,MUTATION_IN_GENE_X_IN_EXON_Y_TO_EXON_Z,FALSE
,,,,,,,,,,,,,,,,HAS_HISTORY_OF_THROMBOEMBOLIC_EVENT_WITHIN_X_MONTHS,FALSE,,,HAS_HAD_ANY_CANCER_TREATMENT_IGNORING_CATEGORIES_X,FALSE,,,,,HAS_POTASSIUM_MMOL_PER_L_OF_AT_LEAST_X,FALSE,HAS_ANY_STAGE_X,FALSE,MUTATION_IN_GENE_X_IN_EXON_Y_OF_TYPE_Z,FALSE
,,,,,,,,,,,,,,,,HAS_HISTORY_OF_ARTERIAL_THROMBOEMBOLIC_EVENT,TRUE,,,HAS_HAD_ANY_CANCER_TREATMENT_IGNORING_CATEGORY_X_OF_TYPES_Y_WITHIN_Z_MONTHS,FALSE,,,,,HAS_POTASSIUM_WITHIN_INSTITUTIONAL_NORMAL_LIMITS,FALSE,HAS_TNM_T_SCORE_X,FALSE,INACTIVATION_OF_GENE_X,FALSE
,,,,,,,,,,,,,,,,HAS_HISTORY_OF_VENOUS_THROMBOEMBOLIC_EVENT,TRUE,,,HAS_HAD_TREATMENT_NAME_X,FALSE,,,,,HAS_CORRECTED_POTASSIUM_WITHIN_INSTITUTIONAL_NORMAL_LIMITS,FALSE,HAS_LOCALLY_ADVANCED_CANCER,FALSE,DELETION_OF_GENE_X,FALSE
,,,,,,,,,,,,,,,,HAS_HISTORY_OF_VASCULAR_DISEASE,TRUE,,,HAS_HAD_TREATMENT_NAME_X_WITHIN_Y_WEEKS,FALSE,,,,,HAS_PHOSPHATE_MMOL_PER_L_OF_AT_MOST_X,FALSE,HAS_METASTATIC_CANCER,FALSE,HAS_DELETION_OF_MTAP,FALSE
,,,,,,,,,,,,,,,,HAS_HISTORY_OF_ULCER,TRUE,,,HAS_HAD_DOSE_REDUCTION_DURING_TREATMENT_NAME_X,FALSE,,,,,HAS_PHOSPHATE_ULN_OF_AT_MOST_X,FALSE,HAS_OLIGOMETASTATIC_CANCER,FALSE,UTR_3_LOSS_IN_GENE_X,FALSE
,,,,,,,,,,,,,,,,HAS_HISTORY_OF_BLEEDING,TRUE,,,HAS_HAD_FIRST_LINE_SYSTEMIC_TREATMENT_NAME_X,FALSE,,,,,HAS_PHOSPHATE_WITHIN_INSTITUTIONAL_NORMAL_LIMITS,FALSE,HAS_UNRESECTABLE_CANCER,FALSE,FUSION_IN_GENE_X,FALSE
,,,,,,,,,,,,,,,,HAS_HISTORY_OF_WOUND,TRUE,,,HAS_HAD_FIRST_LINE_SYSTEMIC_TREATMENT_NAME_X_WITHOUT_PROGRESSION_AND_AT_LEAST_Y_CYCLES,FALSE,,,,,HAS_POTENTIAL_HYPOKALEMIA,TRUE,HAS_UNRESECTABLE_STAGE_III_CANCER,FALSE,WILDTYPE_OF_GENE_X,FALSE
,,,,,,,,,,,,,,,,HAS_HISTORY_OF_BONE_FRACTURE,TRUE,,,HAS_HAD_DRUG_X_COMBINED_WITH_CATEGORY_Y_TREATMENT_OF_TYPES_Z,FALSE,,,,,HAS_POTENTIAL_HYPOMAGNESEMIA,TRUE,HAS_RECURRENT_CANCER,FALSE,EXON_SKIPPING_GENE_X_EXON_Y,FALSE
,,,,,,,,,,,,,,,,HAS_SEVERE_CONCOMITANT_CONDITION,FALSE,,,HAS_HAD_CATEGORY_X_TREATMENT_OF_TYPES_Y_COMBINED_WITH_CATEGORY_Z_TREATMENT_OF_TYPES_A,FALSE,,,,,HAS_POTENTIAL_HYPOCALCEMIA,TRUE,MEETS_SPECIFIC_CRITERIA_REGARDING_RECURRENT_CANCER,FALSE,MMR_DEFICIENT,FALSE
,,,,,,,,,,,,,,,,HAS_HAD_ORGAN_TRANSPLANT,FALSE,,,HAS_HAD_TREATMENT_WITH_ANY_DRUG_X,FALSE,,,,,HAS_POTENTIAL_SYMPTOMATIC_HYPERCALCEMIA,TRUE,HAS_INCURABLE_CANCER,FALSE,HRD_SIGNATURE,FALSE
,,,,,,,,,,,,,,,,HAS_HAD_ORGAN_TRANSPLANT_WITHIN_X_YEARS,FALSE,,,HAS_HAD_TREATMENT_WITH_ANY_DRUG_X_AND_AT_LEAST_Y_CYCLES,FALSE,,,,,,,HAS_ANY_LESION,FALSE,HRD_SIGNATURE_WITHOUT_MUTATION_OR_WITH_VUS_MUTATION_IN_GENES_X,FALSE
,,,,,,,,,,,,,,,,HAS_GILBERT_DISEASE,TRUE,,,HAS_HAD_TREATMENT_WITH_ANY_DRUG_X_AS_MOST_RECENT_LINE,FALSE,,,,,,,HAS_AT_MOST_X_DISTANT_METASTASES,FALSE,HRD_SIGNATURE_WITHOUT_MUTATION_IN_GENES_X,FALSE
,,,,,,,,,,,,,,,,HAS_HYPERTENSION,TRUE,,,HAS_HAD_COMBINED_TREATMENT_NAMES_X_AND_BETWEEN_Y_AND_Z_CYCLES,FALSE,,,,,,,MEETS_SPECIFIC_CRITERIA_REGARDING_METASTASES,FALSE,TMB_OF_AT_LEAST_X,FALSE
,,,,,,,,,,,,,,,,HAS_HYPOTENSION,TRUE,,,HAS_HAD_CATEGORY_X_TREATMENT,FALSE,,,,,,,HAS_LIVER_METASTASES,FALSE,TML_OF_AT_LEAST_X,FALSE
,,,,,,,,,,,,,,,,HAS_DIABETES,TRUE,,,HAS_HAD_CATEGORY_X_TREATMENT_OF_TYPES_Y,TRUE,,,,,,,HAS_LIVER_METASTASES_ONLY,FALSE,TML_BETWEEN_X_AND_Y,FALSE
,,,,,,,,,,,,,,,,HAS_INHERITED_PREDISPOSITION_TO_BLEEDING_OR_THROMBOSIS,TRUE,,,HAS_HAD_CATEGORY_X_TREATMENT_OF_ALL_TYPES_Y,FALSE,,,,,,,MEETS_SPECIFIC_CRITERIA_REGARDING_LIVER_METASTASES,FALSE,HAS_ANY_HLA_TYPE_X,FALSE
,,,,,,,,,,,,,,,,HAS_POTENTIAL_UNCONTROLLED_TUMOR_RELATED_PAIN,TRUE,,,HAS_HAD_CATEGORY_X_TREATMENT_OF_ALL_TYPES_Y_AND_AT_LEAST_Z_LINES,FALSE,,,,,,,HAS_EXTRACRANIAL_METASTASES,FALSE,HAS_HLA_GROUP_X,FALSE
,,,,,,,,,,,,,,,,HAS_LEPTOMENINGEAL_DISEASE,FALSE,,,HAS_HAD_CATEGORY_X_TREATMENT_OF_ONLY_TYPES_Y_FOR_AT_LEAST_Z_MONTHS_AS_MOST_RECENT_LINE,FALSE,,,,,,,HAS_BONE_METASTASES,FALSE,HAS_UGT1A1_HAPLOTYPE_X,FALSE
,,,,,,,,,,,,,,,,HAS_ADEQUATE_VENOUS_ACCESS,TRUE,,,HAS_HAD_CHEMORADIOTHERAPY_WITH_ANY_DRUG_X_AND_AT_LEAST_Y_CYCLES,FALSE,,,,,,,HAS_BONE_METASTASES_ONLY,FALSE,HAS_HOMOZYGOUS_DPYD_DEFICIENCY,FALSE
,,,,,,,,,,,,,,,,HAS_POTENTIAL_ABSORPTION_DIFFICULTIES,TRUE,,,HAS_HAD_FIRST_LINE_CATEGORY_X_TREATMENT_OF_TYPES_Y,FALSE,,,,,,,HAS_LUNG_METASTASES,FALSE,HAS_HETEROZYGOUS_DPYD_DEFICIENCY,FALSE
,,,,,,,,,,,,,,,,HAS_POTENTIAL_ORAL_MEDICATION_DIFFICULTIES,TRUE,,,HAS_HAD_CATEGORY_X_TREATMENT_WITHIN_Z_WEEKS,FALSE,,,,,,,HAS_LYMPH_NODE_METASTASES,FALSE,HAS_KNOWN_HPV_STATUS,FALSE
,,,,,,,,,,,,,,,,HAS_ACTIVE_SECOND_MALIGNANCY,FALSE,,,HAS_HAD_CATEGORY_X_TREATMENT_OF_TYPES_Y_WITHIN_Z_WEEKS,FALSE,,,,,,,HAS_LUNG_AND_OR_LUNG_LYMPH_NODE_METASTASES_ONLY,FALSE,OVEREXPRESSION_OF_ANY_GENE_X,FALSE
,,,,,,,,,,,,,,,,HAS_HISTORY_OF_SECOND_MALIGNANCY,TRUE,,,HAS_HAD_CATEGORY_X_TREATMENT_IGNORING_TYPES_Y,FALSE,,,,,,,HAS_VISCERAL_METASTASES,FALSE,NON_EXPRESSION_OF_ANY_GENE_X,FALSE
,,,,,,,,,,,,,,,,HAS_HISTORY_OF_SECOND_MALIGNANCY_IGNORING_DOID_TERMS_X,TRUE,,,HAS_HAD_CATEGORY_X_TREATMENT_IGNORING_TYPES_Y_WITHIN_Z_WEEKS,FALSE,,,,,,,HAS_UNRESECTABLE_PERITONEAL_METASTASES,FALSE,SPECIFIC_MRNA_EXPRESSION_REQUIREMENTS_MET_FOR_GENES_X,FALSE
,,,,,,,,,,,,,,,,HAS_HISTORY_OF_SECOND_MALIGNANCY_BELONGING_TO_DOID_TERM_X,TRUE,,,HAS_HAD_CATEGORY_X_TREATMENT_IGNORING_DRUGS_Y,FALSE,,,,,,,HAS_LESIONS_CLOSE_TO_OR_INVOLVING_AIRWAY,FALSE,LOSS_OF_PROTEIN_X_BY_IHC,FALSE
,,,,,,,,,,,,,,,,HAS_HISTORY_OF_SECOND_MALIGNANCY_WITHIN_X_YEARS,TRUE,,,HAS_HAD_CATEGORY_X_TREATMENT_OF_TYPES_Y_IGNORING_DRUGS_Z,FALSE,,,,,,,HAS_LESIONS_INFILTRATING_BLOOD_VESSEL,FALSE,EXPRESSION_OF_PROTEIN_X_BY_IHC,FALSE
,,,,,,,,,,,,,,,,HAS_HISTORY_OF_SECOND_MALIGNANCY_WITHIN_X_YEARS_IGNORING_DOID_TERMS_Y,TRUE,,,HAS_HAD_CATEGORY_X_TREATMENT_AND_AT_LEAST_Y_LINES,FALSE,,,,,,,HAS_LESION_COUNT_OF_AT_LEAST_X_IN_BODY_LOCATION_Y,FALSE,EXPRESSION_OF_PROTEIN_X_BY_IHC_OF_EXACTLY_Y,FALSE
,,,,,,,,,,,,,,,,HAS_POTENTIAL_CONTRAINDICATION_TO_CT,TRUE,,,HAS_HAD_CATEGORY_X_TREATMENT_AND_AT_MOST_Y_LINES,FALSE,,,,,,,HAS_EXTENSIVE_SYSTEMIC_METASTASES_PREDOMINANTLY_DETERMINING_PROGNOSIS,FALSE,EXPRESSION_OF_PROTEIN_X_BY_IHC_OF_AT_LEAST_Y,FALSE
,,,,,,,,,,,,,,,,HAS_POTENTIAL_CONTRAINDICATION_TO_MRI,TRUE,,,HAS_NOT_HAD_CATEGORY_X_TREATMENT_OR_AT_MOST_Y_LINES,FALSE,,,,,,,HAS_BIOPSY_AMENABLE_LESION,FALSE,EXPRESSION_OF_PROTEIN_X_BY_IHC_OF_AT_MOST_Y,FALSE
,,,,,,,,,,,,,,,,HAS_POTENTIAL_CONTRAINDICATION_TO_PET_MRI,TRUE,,,HAS_HAD_CATEGORY_X_TREATMENT_OF_TYPES_Y_AND_AT_LEAST_Z_LINES,FALSE,,,,,,,HAS_IRRADIATION_AMENABLE_LESION,FALSE,PROTEIN_X_IS_WILD_TYPE_BY_IHC,FALSE
,,,,,,,,,,,,,,,,HAS_POTENTIAL_CONTRAINDICATION_FOR_PET_CT_SCAN,TRUE,,,HAS_HAD_CATEGORY_X_TREATMENT_OF_TYPES_Y_AND_AT_MOST_Z_LINES,FALSE,,,,,,,HAS_PRESENCE_OF_LESIONS_IN_AT_LEAST_X_SITES,FALSE,EXPRESSION_OF_PROTEIN_X_BY_IHC_MUST_BE_AVAILABLE,FALSE
,,,,,,,,,,,,,,,,HAS_POTENTIAL_CONTRAINDICATION_FOR_STEREOTACTIC_RADIOSURGERY,TRUE,,,HAS_NOT_HAD_CATEGORY_X_TREATMENT_OF_TYPES_Y_OR_AT_MOST_Z_LINES,FALSE,,,,,,,HAS_SYNCHRONOUS_METASTASTIC_DISEASE,FALSE,HER2_STATUS_IS_POSITIVE,FALSE
,,,,,,,,,,,,,,,,HAS_MRI_SCAN_DOCUMENTING_STABLE_DISEASE,TRUE,,,HAS_HAD_CATEGORY_X_TREATMENT_OF_TYPES_Y_WITH_STOP_REASON_OTHER_THAN_PD,FALSE,,,,,,,HAS_OLIGOPROGRESSIVE_DISEASE,FALSE,PD_L1_SCORE_OF_AT_LEAST_X,FALSE
,,,,,,,,,,,,,,,,HAS_KNOWN_CNS_METASTASES,TRUE,,,HAS_HAD_CATEGORY_X_TREATMENT_OF_TYPES_Y_FOR_AT_MOST_Z_WEEKS_WITH_STOP_REASON_OTHER_THAN_PD,FALSE,,,,,,,CAN_PROVIDE_FRESH_TISSUE_SAMPLE_FOR_FURTHER_ANALYSIS,FALSE,PD_L1_SCORE_OF_AT_MOST_X,FALSE
,,,,,,,,,,,,,,,,HAS_KNOWN_ACTIVE_CNS_METASTASES,FALSE,,,HAS_HAD_CATEGORY_X_TREATMENT_OF_TYPES_Y_FOR_AT_MOST_Z_WEEKS,FALSE,,,,,,,CAN_PROVIDE_ARCHIVAL_OR_FRESH_TISSUE_SAMPLE_FOR_FURTHER_ANALYSIS,FALSE,PD_L1_SCORE_CPS_OF_AT_LEAST_X,FALSE
,,,,,,,,,,,,,,,,HAS_KNOWN_BRAIN_METASTASES,TRUE,,,HAS_HAD_CATEGORY_X_TREATMENT_OF_TYPE_Y_AS_MOST_RECENT_LINE,FALSE,,,,,,,MEETS_SPECIFIC_REQUIREMENTS_REGARDING_BIOPSY,FALSE,PD_L1_SCORE_CPS_OF_AT_MOST_X,FALSE
,,,,,,,,,,,,,,,,HAS_KNOWN_ACTIVE_BRAIN_METASTASES,FALSE,,,HAS_HAD_CATEGORY_X_TREATMENT_WITH_ANY_INTENT_Y,FALSE,,,,,,,HAS_EVALUABLE_DISEASE,FALSE,PD_L1_SCORE_TPS_OF_AT_LEAST_X,FALSE
,,,,,,,,,,,,,,,,MEETS_SPECIFIC_CRITERIA_REGARDING_BRAIN_METASTASES,FALSE,,,HAS_HAD_CATEGORY_X_TREATMENT_WITH_ANY_INTENT_Y_WITHIN_Z_MONTHS,FALSE,,,,,,,HAS_MEASURABLE_DISEASE,FALSE,PD_L1_SCORE_TPS_OF_AT_MOST_X,FALSE
,,,,,,,,,,,,,,,,HAS_SPINAL_CORD_COMPRESSION,FALSE,,,HAS_HAD_ADJUVANT_CATEGORY_X_TREATMENT,FALSE,,,,,,,HAS_MEASURABLE_DISEASE_RECIST,FALSE,PD_L1_SCORE_TC_OF_AT_LEAST_X,FALSE
,,,,,,,,,,,,,,,,HAS_PLEURAL_EFFUSION,TRUE,,,HAS_HAD_ADJUVANT_CATEGORY_X_TREATMENT_WITHIN_Y_WEEKS,FALSE,,,,,,,HAS_MEASURABLE_DISEASE_RANO,FALSE,PD_L1_SCORE_TAP_OF_AT_LEAST_X,FALSE
,,,,,,,,,,,,,,,,HAS_PERITONEAL_EFFUSION,TRUE,,,HAS_HAD_SYSTEMIC_THERAPY_WITH_ANY_INTENT_X,FALSE,,,,,,,HAS_PROGRESSIVE_DISEASE_ACCORDING_TO_SPECIFIC_CRITERIA,FALSE,PD_L1_SCORE_TAP_OF_AT_MOST_X,FALSE
,,,,,,,,,,,,,,,,,,,,HAS_HAD_SYSTEMIC_THERAPY_WITH_ANY_INTENT_X_WITHIN_Y_WEEKS,FALSE,,,,,,,HAS_RAPID_PROGRESSIVE_DISEASE,FALSE,PD_L1_STATUS_MUST_BE_AVAILABLE,FALSE
,,,,,,,,,,,,,,,,,,,,HAS_HAD_SYSTEMIC_THERAPY_WITH_ANY_INTENT_X_AT_LEAST_Y_WEEKS_AGO,FALSE,,,,,,,HAS_INJECTION_AMENABLE_LESION,FALSE,HAS_PSMA_POSITIVE_PET_SCAN,FALSE
,,,,,,,,,,,,,,,,,,,,HAS_HAD_SYSTEMIC_TREATMENT_ONLY_OF_CATEGORY_X_AND_TYPE_Y,FALSE,,,,,,,HAS_MRI_VOLUME_MEASUREMENT_AMENABLE_LESION,FALSE,MOLECULAR_RESULTS_MUST_BE_AVAILABLE,FALSE
,,,,,,,,,,,,,,,,,,,,HAS_HAD_SYSTEMIC_TREATMENT_IN_ADVANCED_OR_METASTATIC_SETTING,FALSE,,,,,,,HAS_EVIDENCE_OF_CNS_HEMORRHAGE_BY_MRI,FALSE,MOLECULAR_TEST_RESULT_IS_KNOWN_FOR_GENE_X,FALSE
,,,,,,,,,,,,,,,,,,,,HAS_RECEIVED_PLATINUM_BASED_DOUBLET,FALSE,,,,,,,HAS_INTRATUMORAL_HEMORRHAGE_BY_MRI,FALSE,MOLECULAR_TEST_RESULT_IS_KNOWN_FOR_PROMOTER_OF_GENE_X,FALSE
,,,,,,,,,,,,,,,,,,,,HAS_HAD_RESPONSE_X_FOLLOWING_CATEGORY_Y_TREATMENT_OF_TYPES_Z,FALSE,,,,,,,HAS_LOW_RISK_OF_HEMORRHAGE_UPON_TREATMENT,FALSE,MMR_STATUS_IS_AVAILABLE,FALSE
,,,,,,,,,,,,,,,,,,,,HAS_HAD_OBJECTIVE_CLINICAL_BENEFIT_FOLLOWING_TREATMENT_WITH_ANY_NAME_X,FALSE,,,,,,,HAS_SUPERSCAN_BONE_SCAN,FALSE,HAS_KNOWN_NSCLC_DRIVER_GENE_STATUSES,FALSE
,,,,,,,,,,,,,,,,,,,,HAS_HAD_OBJECTIVE_CLINICAL_BENEFIT_FOLLOWING_CATEGORY_X_TREATMENT,FALSE,,,,,,,HAS_BCLC_STAGE_X,FALSE,HAS_EGFR_PACC_MUTATION,FALSE
,,,,,,,,,,,,,,,,,,,,HAS_HAD_OBJECTIVE_CLINICAL_BENEFIT_FOLLOWING_CATEGORY_X_TREATMENT_OF_TYPES_Y,FALSE,,,,,,,HAS_LEFT_SIDED_COLORECTAL_TUMOR,FALSE,HAS_CODELETION_OF_CHROMOSOME_ARMS_X_AND_Y,FALSE
,,,,,,,,,,,,,,,,,,,,HAS_HAD_SYSTEMIC_TREATMENT_ONLY_OF_CATEGORY_X_AND_TYPE_Y,FALSE,,,,,,,HAS_SYMPTOMS_OF_PRIMARY_TUMOR_IN_SITU,FALSE,HAS_PROTEIN_X_POLYMORPHISM_Y,FALSE
,,,,,,,,,,,,,,,,,,,,HAS_HAD_SOC_TARGETED_THERAPY_FOR_NSCLC,FALSE,,,,,,,,,HAS_AFP_ULN_OF_AT_LEAST_X,FALSE
,,,,,,,,,,,,,,,,,,,,HAS_HAD_SOC_TARGETED_THERAPY_FOR_NSCLC_EXCLUDING_DRIVER_GENES_X,FALSE,,,,,,,,,HAS_CA125_ULN_OF_AT_LEAST_X,FALSE
,,,,,,,,,,,,,,,,,,,,HAS_HAD_TARGETED_THERAPY_INTERFERING_WITH_RAS_MEK_MAPK_PATHWAY,FALSE,,,,,,,,,HAS_HCG_ULN_OF_AT_LEAST_X,FALSE
,,,,,,,,,,,,,,,,,,,,HAS_HAD_NON_INTERNAL_RADIOTHERAPY,FALSE,,,,,,,,,HAS_LDH_ULN_OF_AT_MOST_X,FALSE
,,,,,,,,,,,,,,,,,,,,HAS_HAD_RADIOTHERAPY_TO_BODY_LOCATION_X,FALSE,,,,,,,,,HAS_PSA_UG_PER_L_OF_AT_LEAST_X,FALSE
,,,,,,,,,,,,,,,,,,,,HAS_PROGRESSIVE_DISEASE_FOLLOWING_NAME_X_TREATMENT,FALSE,,,,,,,,,HAS_PSA_LLN_OF_AT_LEAST_X,FALSE
,,,,,,,,,,,,,,,,,,,,HAS_PROGRESSIVE_DISEASE_FOLLOWING_CATEGORY_X_TREATMENT,FALSE,,,,,,,,,HAS_ANTI_HLA_ANTIBODIES_AGAINST_PDC_LINE,FALSE
,,,,,,,,,,,,,,,,,,,,HAS_PROGRESSIVE_DISEASE_FOLLOWING_CATEGORY_X_TREATMENT_OF_TYPES_Y,FALSE,,,,,,,,,HAS_CD4_POSITIVE_CELLS_MILLIONS_PER_LITER_OF_AT_LEAST_X,FALSE
,,,,,,,,,,,,,,,,,,,,HAS_PROGRESSIVE_DISEASE_FOLLOWING_CATEGORY_X_TREATMENT_OF_TYPES_Y_AND_AT_LEAST_Z_WEEKS,FALSE,,,,,,,,,,
,,,,,,,,,,,,,,,,,,,,HAS_PROGRESSIVE_DISEASE_FOLLOWING_CATEGORY_X_TREATMENT_OF_TYPES_Y_AND_AT_LEAST_Z_CYCLES,FALSE,,,,,,,,,,
,,,,,,,,,,,,,,,,,,,,HAS_PROGRESSIVE_DISEASE_FOLLOWING_AT_LEAST_X_TREATMENT_LINES,FALSE,,,,,,,,,,
,,,,,,,,,,,,,,,,,,,,HAS_PROGRESSIVE_DISEASE_FOLLOWING_TREATMENT_WITH_ANY_DRUG_X,FALSE,,,,,,,,,,
,,,,,,,,,,,,,,,,,,,,HAS_PROGRESSIVE_DISEASE_FOLLOWING_FIRST_LINE_CATEGORY_X_OF_TYPES_Y_TREATMENT,FALSE,,,,,,,,,,
,,,,,,,,,,,,,,,,,,,,HAS_ACQUIRED_RESISTANCE_TO_DRUG_X,FALSE,,,,,,,,,,
,,,,,,,,,,,,,,,,,,,,HAS_RADIOLOGICAL_PROGRESSIVE_DISEASE_FOLLOWING_AT_LEAST_X_TREATMENT_LINES,FALSE,,,,,,,,,,
,,,,,,,,,,,,,,,,,,,,HAS_RADIOLOGICAL_PROGRESSIVE_DISEASE_AFTER_LATEST_TREATMENT_LINE,FALSE,,,,,,,,,,
,,,,,,,,,,,,,,,,,,,,HAS_PREVIOUSLY_PARTICIPATED_IN_TRIAL,FALSE,,,,,,,,,,
,,,,,,,,,,,,,,,,,,,,HAS_PREVIOUSLY_PARTICIPATED_IN_TRIAL_X,FALSE,,,,,,,,,,
,,,,,,,,,,,,,,,,,,,,IS_NOT_PARTICIPATING_IN_ANOTHER_INTERVENTIONAL_TRIAL,FALSE,,,,,,,,,,
,,,,,,,,,,,,,,,,,,,,HAS_RECEIVED_POTENTIAL_SYSTEMIC_TREATMENT_FOR_BRAIN_METASTASES,FALSE,,,,,,,,,,
,,,,,,,,,,,,,,,,,,,,HAS_HAD_BRAIN_RADIATION_THERAPY,FALSE,,,,,,,,,,
,,,,,,,,,,,,,,,,,,,,IS_PLATINUM_SENSITIVE,FALSE,,,,,,,,,,
,,,,,,,,,,,,,,,,,,,,IS_PLATINUM_RESISTANT,FALSE,,,,,,,,,,
,,,,,,,,,,,,,,,,,,,,IS_PRIMARY_PLATINUM_REFRACTORY_WITHIN_X_MONTHS,FALSE,,,,,,,,,,
,,,,,,,,,,,,,,,,,,,,HAS_HAD_INTRATUMORAL_INJECTION_TREATMENT,FALSE,,,,,,,,,,
,,,,,,,,,,,,,,,,,,,,HAS_HAD_LOCAL_HEPATIC_THERAPY_WITHIN_X_WEEKS,FALSE,,,,,,,,,,
,,,,,,,,,,,,,,,,,,,,HAS_CUMULATIVE_ANTHRACYCLINE_EXPOSURE_OF_AT_MOST_X_MG_PER_M2_DOXORUBICIN_OR_EQUIVALENT,FALSE,,,,,,,,,,
,,,,,,,,,,,,,,,,,,,,HAS_RECEIVED_DRUGS_X_CANCER_THERAPY_WITHIN_Y_WEEKS,TRUE,,,,,,,,,,
,,,,,,,,,,,,,,,,,,,,HAS_RECEIVED_DRUGS_X_CANCER_THERAPY_WITHIN_Y_WEEKS_Z_HALF_LIVES,TRUE,,,,,,,,,,
,,,,,,,,,,,,,,,,,,,,HAS_RECEIVED_CATEGORIES_X_CANCER_THERAPY_WITHIN_Y_WEEKS,TRUE,,,,,,,,,,
,,,,,,,,,,,,,,,,,,,,HAS_RECEIVED_CATEGORIES_X_CANCER_THERAPY_WITHIN_Y_WEEKS_Z_HALF_LIVES,TRUE,,,,,,,,,,
,,,,,,,,,,,,,,,,,,,,HAS_RECEIVED_TRIAL_MEDICATION_WITHIN_X_WEEKS,TRUE,,,,,,,,,,
,,,,,,,,,,,,,,,,,,,,HAS_RECEIVED_TRIAL_MEDICATION_WITHIN_X_WEEKS_Y_HALF_LIVES,TRUE,,,,,,,,,,
,,,,,,,,,,,,,,,,,,,,HAS_RECEIVED_RADIOTHERAPY_WITHIN_X_WEEKS,TRUE,,,,,,,,,,
,,,,,,,,,,,,,,,,,,,,HAS_HAD_RADIOTHERAPY_TO_BODY_LOCATION_X_WITHIN_Y_WEEKS,TRUE,,,,,,,,,,
,,,,,,,,,,,,,,,,,,,,HAS_RECEIVED_ANY_ANTI_CANCER_THERAPY_WITHIN_X_WEEKS,TRUE,,,,,,,,,,
,,,,,,,,,,,,,,,,,,,,HAS_RECEIVED_ANY_ANTI_CANCER_THERAPY_EXCL_CATEGORIES_X_WITHIN_Y_WEEKS,TRUE,,,,,,,,,,
,,,,,,,,,,,,,,,,,,,,HAS_RECEIVED_ANY_ANTI_CANCER_THERAPY_EXCL_DRUGS_X_WITHIN_Y_WEEKS,TRUE,,,,,,,,,,
,,,,,,,,,,,,,,,,,,,,HAS_RECEIVED_ANY_ANTI_CANCER_THERAPY_WITHIN_X_WEEKS_Y_HALF_LIVES,TRUE,,,,,,,,,,
,,,,,,,,,,,,,,,,,,,,HAS_RECEIVED_ANY_ANTI_CANCER_THERAPY_EXCL_CATEGORIES_X_WITHIN_Y_WEEKS_Z_HALF_LIVES,TRUE,,,,,,,,,,